index,source_month,delayed_15min,population_count,population_pct,sample_size
0,202301,0,249171,1.628,1628
1,202301,1,20298,0.133,133
2,202302,0,295439,1.931,1931
3,202302,1,24158,0.158,158
4,202303,0,337439,2.205,2205
5,202303,1,28065,0.183,183
6,202304,0,385352,2.519,2519
7,202304,1,27005,0.176,177
8,202305,0,427258,2.792,2792
9,202305,1,29897,0.195,195
10,202306,0,426203,2.786,2786
11,202306,1,32581,0.213,213
12,202307,0,442100,2.889,2889
13,202307,1,30795,0.201,201
14,202308,0,445612,2.912,2912
15,202308,1,33094,0.216,216
16,202309,0,425086,2.778,2778
17,202309,1,32379,0.212,212
18,202310,0,262621,1.716,1716
19,202310,1,17806,0.116,116
20,202311,0,293185,1.916,1916
21,202311,1,22969,0.15,150
22,202312,0,286016,1.869,1869
23,202312,1,21037,0.137,138
24,202401,0,300434,1.964,1964
25,202401,1,22796,0.149,149
26,202402,0,310262,2.028,2028
27,202402,1,22606,0.148,148
28,202403,0,351815,2.299,2299
29,202403,1,24363,0.159,159
30,202404,0,416334,2.721,2721
31,202404,1,30979,0.202,202
32,202405,0,419747,2.743,2743
33,202405,1,30839,0.202,202
34,202406,0,444056,2.902,2902
35,202406,1,41177,0.269,269
36,202407,0,469476,3.068,3068
37,202407,1,35734,0.234,234
38,202408,0,457258,2.988,2988
39,202408,1,32073,0.21,210
40,202409,0,461129,3.014,3014
41,202409,1,37318,0.244,244
42,202410,0,401098,2.621,2621
43,202410,1,51895,0.339,339
44,202411,0,356809,2.332,2332
45,202411,1,26267,0.172,172
46,202412,0,357388,2.336,2336
47,202412,1,24597,0.161,161
48,202501,0,298796,1.953,1953
49,202501,1,36498,0.239,239
50,202502,0,328590,2.148,2148
51,202502,1,33092,0.216,216
52,202503,0,377237,2.465,2465
53,202503,1,46704,0.305,305
54,202504,0,403565,2.638,2638
55,202504,1,56542,0.37,370
56,202505,0,438157,2.864,2864
57,202505,1,73442,0.48,480
58,202506,0,495450,3.238,3238
59,202506,1,62005,0.405,405
60,202507,0,507074,3.314,3314
61,202507,1,55542,0.363,363
62,202508,0,487156,3.184,3184
63,202508,1,48059,0.314,314
64,202509,0,486009,3.176,3176
65,202509,1,49726,0.325,325
66,202510,0,444981,2.908,2908
67,202510,1,43113,0.282,282
68,202511,0,355571,2.324,2324
69,202511,1,38656,0.253,253
70,202512,0,377628,2.468,2468
71,202512,1,35161,0.23,230